INSERT INTO Salle (nom, ville, capacite) VALUES
('Théâtre du Chêne Noir', 'Avignon', 450),
('La Cigale', 'Paris', 1389),
('Le Radiant-Bellevue', 'Lyon', 2500),
('Zénith de Lille', 'Lille', 7000),
('Théâtre Sébastopol', 'Lille', 1350),
('Comédie Odéon', 'Lyon', 300),
('Théâtre du Gymnase', 'Marseille', 900),
('Palais des Congrès', 'Paris', 3720),
('Théâtre des Célestins', 'Lyon', 800),
('Opéra Garnier', 'Paris', 1979);

INSERT INTO Spectacle (id_salle, titre, affiche, tags, duree, description_courte, description_longue, langue, age_minimum, date_evenement)
VALUES
(1, 'Le Cid revisité', 'affiches/lecid.jpg', 'classique,drame,théâtre', 120, 'Une adaptation moderne du chef-d’œuvre de Corneille.', 'Cette version contemporaine du "Cid" revisite les grands thèmes de l’honneur et de l’amour, portée par une mise en scène audacieuse et des décors minimalistes.', 'Français', 12, '2025-11-10'),
(2, 'Concert de Zaz', 'affiches/zaz.jpg', 'musique,chanson française', 90, 'Zaz en tournée avec ses plus grands titres.', 'La chanteuse française Zaz revient sur scène avec un concert chaleureux mêlant ses classiques et de nouveaux morceaux inédits.', 'Français', 6, '2025-12-05'),
(3, 'Impro Comedy Night', 'affiches/impro.jpg', 'humour,improvisation', 100, 'Un show d’improvisation hilarant !', 'Des comédiens talentueux improvisent sur des thèmes donnés par le public. Fous rires garantis à chaque représentation.', 'Français', 10, '2025-10-30'),
(4, 'Symphonie No.9 – Beethoven', 'affiches/beethoven.jpg', 'musique,classique,orchestre', 75, 'Un concert symphonique exceptionnel.', 'L’Orchestre Philharmonique de Lille interprète la célèbre Neuvième Symphonie de Beethoven sous la direction de Jean-Claude Casadesus.', 'Instrumental', 8, '2025-11-20'),
(5, 'Les Misérables – Comédie musicale', 'affiches/lesmiserables.jpg', 'comédie musicale,drame', 160, 'La célèbre comédie musicale enfin en tournée.', 'Une mise en scène grandiose et des voix puissantes pour revisiter l’œuvre de Victor Hugo dans une version française et émotive.', 'Français', 10, '2025-12-01'),
(6, 'One Woman Show – Clara Duval', 'affiches/claraduval.jpg', 'humour,stand-up', 85, 'Une humoriste explosive sur scène.', 'Clara Duval livre un spectacle hilarant sur la vie quotidienne, les relations et les absurdités modernes.', 'Français', 14, '2025-11-14'),
(7, 'Roméo et Juliette', 'affiches/romeoetjuliette.jpg', 'drame,romance,théâtre', 130, 'La tragédie romantique universelle.', 'Une mise en scène poétique et épurée de la célèbre tragédie de Shakespeare.', 'Français', 12, '2025-11-22'),
(8, 'Conférence : L’IA et le futur', 'affiches/iafuture.jpg', 'conférence,technologie', 60, 'Une exploration du futur de l’intelligence artificielle.', 'Des experts du domaine de la technologie et de l’éthique débattent sur l’avenir de l’IA et ses impacts sur nos vies.', 'Français', 16, '2025-10-25'),
(9, 'Ballet Casse-Noisette', 'affiches/cassenoisette.jpg', 'danse,classique,noël', 110, 'Le conte féerique de Noël par le Ballet de Lyon.', 'Une représentation magique mêlant danse, costumes somptueux et décors féeriques.', 'Français', 6, '2025-12-15'),
(10, 'Jazz Nights – Tribute to Miles Davis', 'affiches/milesdavis.jpg', 'musique,jazz,concert', 90, 'Un hommage vibrant au maître du jazz.', 'Un quintet exceptionnel revisite les plus grands morceaux de Miles Davis dans une ambiance intimiste.', 'Instrumental', 12, '2025-11-05');

INSERT INTO Photo (id_spectacle, photo) VALUES
(1, 'photos/lecid_scene1.jpg'),
(1, 'photos/lecid_scene2.jpg'),
(2, 'photos/zaz_live1.jpg'),
(2, 'photos/zaz_public.jpg'),
(3, 'photos/impro_groupe.jpg'),
(4, 'photos/beethoven_orchestre.jpg'),
(5, 'photos/lesmiserables_cast.jpg'),
(7, 'photos/romeo_balcony.jpg'),
(9, 'photos/cassenoisette_danseurs.jpg'),
(10, 'photos/milesdavis_scene.jpg');

INSERT INTO Seance (id_spectacle, date_heure, prix) VALUES
(1, '2025-11-10 20:30:00', 25.00),
(1, '2025-11-11 20:30:00', 25.00),
(2, '2025-12-05 21:00:00', 45.00),
(3, '2025-10-30 19:30:00', 18.00),
(3, '2025-11-02 21:00:00', 20.00),
(4, '2025-11-20 20:00:00', 30.00),
(5, '2025-12-01 19:30:00', 55.00),
(6, '2025-11-14 20:30:00', 28.00),
(7, '2025-11-22 20:30:00', 26.00),
(9, '2025-12-15 18:00:00', 40.00),
(10, '2025-11-05 21:00:00', 32.00);

INSERT INTO Client (prenom, nom, email, adresse, num_tel) VALUES
('Alice', 'Durand', 'alice.durand@mail.com', '12 rue des Lilas, Lyon', '0612345678'),
('Thomas', 'Bernard', 'thomas.bernard@mail.com', '45 avenue de la République, Paris', '0622334455'),
('Claire', 'Dupuis', 'claire.dupuis@mail.com', '3 impasse des Peupliers, Marseille', '0678452390'),
('Lucas', 'Moreau', 'lucas.moreau@mail.com', '8 rue du Moulin, Lille', '0656987412'),
('Sophie', 'Giraud', 'sophie.giraud@mail.com', '10 boulevard Victor Hugo, Lyon', '0765123498'),
('Mathieu', 'Lemoine', 'mathieu.lemoine@mail.com', '22 rue de la Liberté, Nantes', '0611223344'),
('Élodie', 'Roux', 'elodie.roux@mail.com', '5 allée des Tilleuls, Paris', '0789123476'),
('Julien', 'Lefèvre', 'julien.lefevre@mail.com', '9 rue des Roses, Toulouse', '0678123499'),
('Camille', 'Martin', 'camille.martin@mail.com', '14 place Bellecour, Lyon', '0645789965'),
('Antoine', 'Girard', 'antoine.girard@mail.com', '2 rue des Prés, Strasbourg', '0678452365'),
('Mélanie', 'Petit', 'melanie.petit@mail.com', '13 avenue Pasteur, Paris', '0659321478'),
('Nicolas', 'Marchand', 'nicolas.marchand@mail.com', '7 rue du Faubourg, Dijon', '0625789431'),
('Marion', 'Fontaine', 'marion.fontaine@mail.com', '4 rue des Glycines, Marseille', '0632147896'),
('Victor', 'Chevalier', 'victor.chevalier@mail.com', '19 rue de la Paix, Bordeaux', '0615782394'),
('Inès', 'Blanc', 'ines.blanc@mail.com', '17 rue des Fleurs, Nice', '0756891234'),
('Hugo', 'Perrin', 'hugo.perrin@mail.com', '11 rue Lafayette, Lille', '0789456123'),
('Laura', 'Renard', 'laura.renard@mail.com', '3 rue du Château, Lyon', '0645871293'),
('Alexandre', 'Renaud', 'alexandre.renaud@mail.com', '10 avenue Jean Jaurès, Paris', '0678452311'),
('Julie', 'Fabre', 'julie.fabre@mail.com', '25 rue du Port, Marseille', '0665987412'),
('Damien', 'Leclerc', 'damien.leclerc@mail.com', '4 place des Arts, Toulouse', '0698745123'),
('Chloé', 'Dupont', 'chloe.dupont@mail.com', '7 rue du Stade, Nantes', '0789456122'),
('Martin', 'Guérin', 'martin.guerin@mail.com', '12 rue Principale, Metz', '0632147856'),
('Manon', 'Lucas', 'manon.lucas@mail.com', '5 rue du Rhône, Lyon', '0657894132'),
('Romain', 'Poulain', 'romain.poulain@mail.com', '8 avenue de la Gare, Paris', '0689745123'),
('Léa', 'Dumas', 'lea.dumas@mail.com', '9 chemin du Soleil, Nice', '0712345698'),
('Adrien', 'Perrot', 'adrien.perrot@mail.com', '18 rue Saint-Michel, Lille', '0654789321'),
('Célia', 'Moulin', 'celia.moulin@mail.com', '20 rue des Jardins, Rennes', '0665789342'),
('Bastien', 'Langlois', 'bastien.langlois@mail.com', '3 impasse Victor Hugo, Lyon', '0645127893'),
('Noémie', 'Masson', 'noemie.masson@mail.com', '11 rue Gambetta, Toulouse', '0698745231'),
('Éric', 'Lemoine', 'eric.lemoine@mail.com', '8 rue des Capucines, Paris', '0678941234'),
('Pauline', 'Caron', 'pauline.caron@mail.com', '10 rue des Écoles, Marseille', '0654789632'),
('Yann', 'Vidal', 'yann.vidal@mail.com', '5 rue du Parc, Montpellier', '0678452399'),
('Isabelle', 'Henry', 'isabelle.henry@mail.com', '19 boulevard Voltaire, Paris', '0632147895'),
('Clément', 'Fournier', 'clement.fournier@mail.com', '2 rue du Lac, Annecy', '0654789654'),
('Marine', 'Lemoine', 'marine.lemoine@mail.com', '6 avenue de la République, Dijon', '0612345698'),
('Esteban', 'Boucher', 'esteban.boucher@mail.com', '8 rue de la Fontaine, Lyon', '0689745129'),
('Aurélie', 'Colin', 'aurelie.colin@mail.com', '10 allée des Peupliers, Marseille', '0678452394'),
('Raphaël', 'Baron', 'raphael.baron@mail.com', '14 rue de Bretagne, Paris', '0623147896'),
('Sarah', 'Roche', 'sarah.roche@mail.com', '12 rue de la Liberté, Lille', '0667895412'),
('Valentin', 'Robin', 'valentin.robin@mail.com', '9 chemin des Vignes, Lyon', '0689745233'),
('Olivier', 'Texier', 'olivier.texier@mail.com', '7 rue des Coquelicots, Nantes', '0678452397'),
('Emma', 'Mercier', 'emma.mercier@mail.com', '13 rue des Amandiers, Paris', '0654789123'),
('Léo', 'Faure', 'leo.faure@mail.com', '2 avenue des Ternes, Bordeaux', '0678945122'),
('Nina', 'Bertin', 'nina.bertin@mail.com', '5 avenue du Théâtre, Lyon', '0612354789'),
('Guillaume', 'Le Gall', 'guillaume.legall@mail.com', '11 rue du Parc, Brest', '0698745124'),
('Amélie', 'Deschamps', 'amelie.deschamps@mail.com', '9 rue des Acacias, Marseille', '0658741236'),
('Nathan', 'Mallet', 'nathan.mallet@mail.com', '15 rue du Canal, Paris', '0669784123'),
('Éva', 'Benoit', 'eva.benoit@mail.com', '4 rue des Alouettes, Lille', '0678452398'),
('Robin', 'Delattre', 'robin.delattre@mail.com', '7 rue Saint-Jean, Toulouse', '0657894321'),
('Zoé', 'Morin', 'zoe.morin@mail.com', '3 rue des Lilas, Lyon', '0678945129'),
('Corentin', 'Gosselin', 'corentin.gosselin@mail.com', '12 rue du Marché, Paris', '0623148759');


INSERT INTO Historique (id_client, id_spectacle) VALUES
(1, 3), (1, 6),
(2, 5),
(3, 2),
(4, 1),
(5, 4), (5, 10),
(6, 7),
(7, 9),
(8, 6),
(9, 1), (9, 3),
(10, 8),
(11, 5),
(12, 9),
(13, 3),
(14, 2),
(15, 4), (15, 6),
(16, 10),
(17, 5),
(18, 1),
(19, 7), (19, 9),
(20, 8),
(21, 6),
(22, 4),
(23, 3),
(24, 1), (24, 10),
(25, 5),
(26, 2),
(27, 7),
(28, 8),
(29, 9),
(30, 4);

INSERT INTO Billet (id_spectacle, id_client, date_achat, place, statut, prix_paye) VALUES
(1, 1, '2025-10-20', 'A12', 'payé', 25.00),
(1, 9, '2025-10-21', 'B05', 'payé', 25.00),
(1, 24, '2025-10-18', 'C07', 'payé', 25.00),
(2, 3, '2025-11-10', 'A03', 'payé', 45.00),
(2, 14, '2025-11-12', 'A10', 'payé', 45.00),
(2, 26, '2025-11-14', 'B08', 'payé', 45.00),
(3, 1, '2025-10-15', 'A04', 'payé', 18.00),
(3, 9, '2025-10-16', 'A05', 'payé', 18.00),
(3, 13, '2025-10-14', 'A06', 'payé', 18.00),
(3, 23, '2025-10-17', 'B02', 'payé', 18.00),
(4, 5, '2025-10-28', 'A01', 'payé', 30.00),
(4, 15, '2025-10-28', 'A02', 'payé', 30.00),
(4, 22, '2025-10-29', 'B05', 'payé', 30.00),
(4, 30, '2025-10-30', 'B06', 'payé', 30.00),
(5, 2, '2025-11-10', 'A11', 'payé', 55.00),
(5, 11, '2025-11-11', 'A12', 'payé', 55.00),
(5, 17, '2025-11-12', 'B01', 'payé', 55.00),
(5, 25, '2025-11-14', 'B02', 'payé', 55.00),
(6, 1, '2025-10-25', 'A09', 'payé', 28.00),
(6, 8, '2025-10-26', 'B03', 'payé', 28.00),
(6, 15, '2025-10-27', 'A07', 'payé', 28.00),
(6, 21, '2025-10-27', 'C02', 'payé', 28.00),
(7, 6, '2025-11-01', 'A05', 'payé', 26.00),
(7, 19, '2025-11-01', 'A06', 'payé', 26.00),
(7, 27, '2025-11-02', 'A07', 'payé', 26.00),
(8, 10, '2025-10-10', 'A01', 'payé', 20.00),
(8, 20, '2025-10-11', 'A02', 'payé', 20.00),
(8, 28, '2025-10-12', 'B01', 'payé', 20.00),
(9, 7, '2025-11-20', 'A01', 'payé', 40.00),
(9, 12, '2025-11-22', 'A02', 'payé', 40.00),
(9, 19, '2025-11-22', 'B01', 'payé', 40.00),
(9, 29, '2025-11-24', 'B02', 'payé', 40.00),
(10, 5, '2025-10-30', 'A03', 'payé', 32.00),
(10, 16, '2025-10-30', 'A04', 'payé', 32.00),
(10, 24, '2025-10-31', 'B01', 'payé', 32.00),
(10, 40, '2025-10-31', 'B02', 'payé', 32.00),
(1, 32, '2025-10-21', 'C01', 'payé', 25.00),
(2, 33, '2025-11-11', 'C02', 'payé', 45.00),
(3, 34, '2025-10-13', 'C03', 'payé', 18.00),
(4, 35, '2025-10-29', 'C04', 'payé', 30.00),
(5, 36, '2025-11-15', 'C05', 'payé', 55.00),
(6, 37, '2025-10-28', 'C06', 'payé', 28.00),
(7, 38, '2025-11-03', 'C07', 'payé', 26.00),
(8, 39, '2025-10-15', 'C08', 'payé', 20.00),
(9, 41, '2025-11-23', 'C09', 'payé', 40.00),
(10, 42, '2025-10-31', 'C10', 'payé', 32.00),
(1, 43, '2025-10-19', 'D01', 'payé', 25.00),
(2, 44, '2025-11-13', 'D02', 'payé', 45.00),
(3, 45, '2025-10-12', 'D03', 'payé', 18.00),
(4, 46, '2025-10-29', 'D04', 'payé', 30.00),
(5, 47, '2025-11-16', 'D05', 'payé', 55.00),
(6, 48, '2025-10-29', 'D06', 'payé', 28.00),
(7, 49, '2025-11-03', 'D07', 'payé', 26.00),
(8, 50, '2025-10-13', 'D08', 'payé', 20.00),
(9, 1, '2025-11-19', 'D09', 'payé', 40.00),
(10, 2, '2025-10-30', 'D10', 'payé', 32.00),
(1, 3, '2025-10-18', 'E01', 'payé', 25.00),
(2, 4, '2025-11-09', 'E02', 'payé', 45.00),
(3, 5, '2025-10-12', 'E03', 'payé', 18.00),
(4, 6, '2025-10-27', 'E04', 'payé', 30.00),
(5, 7, '2025-11-13', 'E05', 'payé', 55.00),
(6, 8, '2025-10-24', 'E06', 'payé', 28.00),
(7, 9, '2025-11-02', 'E07', 'payé', 26.00),
(8, 10, '2025-10-10', 'E08', 'payé', 20.00),
(9, 11, '2025-11-18', 'E09', 'payé', 40.00),
(10, 12, '2025-10-29', 'E10', 'payé', 32.00),
(1, 13, '2025-10-17', 'F01', 'payé', 25.00),
(2, 14, '2025-11-08', 'F02', 'payé', 45.00),
(3, 15, '2025-10-11', 'F03', 'payé', 18.00),
(4, 16, '2025-10-26', 'F04', 'payé', 30.00),
(5, 17, '2025-11-12', 'F05', 'payé', 55.00),
(6, 18, '2025-10-23', 'F06', 'payé', 28.00),
(7, 19, '2025-11-01', 'F07', 'payé', 26.00),
(8, 20, '2025-10-09', 'F08', 'payé', 20.00),
(9, 21, '2025-11-17', 'F09', 'payé', 40.00),
(10, 22, '2025-10-28', 'F10', 'payé', 32.00),
(1, 23, '2025-10-16', 'G01', 'payé', 25.00),
(2, 24, '2025-11-07', 'G02', 'payé', 45.00),
(3, 25, '2025-10-10', 'G03', 'payé', 18.00),
(4, 26, '2025-10-25', 'G04', 'payé', 30.00),
(5, 27, '2025-11-11', 'G05', 'payé', 55.00),
(6, 28, '2025-10-22', 'G06', 'payé', 28.00),
(7, 29, '2025-11-01', 'G07', 'payé', 26.00),
(8, 30, '2025-10-08', 'G08', 'payé', 20.00),
(9, 31, '2025-11-16', 'G09', 'payé', 40.00),
(10, 32, '2025-10-27', 'G10', 'payé', 32.00);
