-- Venues
INSERT INTO Venue (venue_id, name, city, capacity) VALUES (1, 'La Grande Salle', 'Paris', 2000);
INSERT INTO Venue (venue_id, name, city, capacity) VALUES (2, 'Théâtre du Nord', 'Lille', 800);
INSERT INTO Venue (venue_id, name, city, capacity) VALUES (3, 'Palais des Congrès', 'Paris', 3500);
INSERT INTO Venue (venue_id, name, city, capacity) VALUES (4, 'Salle Riviera', 'Nice', 1200);
INSERT INTO Venue (venue_id, name, city, capacity) VALUES (5, 'Le Dock', 'Bordeaux', 600);
INSERT INTO Venue (venue_id, name, city, capacity) VALUES (6, 'Opéra Métropolitain', 'Lyon', 1500);
INSERT INTO Venue (venue_id, name, city, capacity) VALUES (7, 'Arena Marseille', 'Marseille', 5000);
INSERT INTO Venue (venue_id, name, city, capacity) VALUES (8, 'Studio 7', 'Strasbourg', 400);

-- Events
INSERT INTO Event (event_id, title, date, venue_id, category, price_eur) VALUES (1, 'Stand-up 1 - Live', '2025-10-10', 8, 'Festival', 54.37);
INSERT INTO Event (event_id, title, date, venue_id, category, price_eur) VALUES (2, 'Exposition 2 - Show', '2025-10-09', 6, 'Théâtre', 119.85);
INSERT INTO Event (event_id, title, date, venue_id, category, price_eur) VALUES (3, 'Festival 3 - Live', '2025-11-13', 3, 'Exposition', 30.07);
INSERT INTO Event (event_id, title, date, venue_id, category, price_eur) VALUES (4, 'Conférence 4 - Special', '2025-10-23', 5, 'Théâtre', 118.27);
INSERT INTO Event (event_id, title, date, venue_id, category, price_eur) VALUES (5, 'Festival 5 - Night', '2025-10-06', 3, 'Festival', 37.19);
INSERT INTO Event (event_id, title, date, venue_id, category, price_eur) VALUES (6, 'Concert 6 - Night', '2025-11-13', 4, 'Stand-up', 17.91);
INSERT INTO Event (event_id, title, date, venue_id, category, price_eur) VALUES (7, 'Stand-up 7 - Live', '2025-11-22', 1, 'Concert', 24.04);
INSERT INTO Event (event_id, title, date, venue_id, category, price_eur) VALUES (8, 'Théâtre 8 - Show', '2025-10-10', 6, 'Théâtre', 116.0);
INSERT INTO Event (event_id, title, date, venue_id, category, price_eur) VALUES (9, 'Concert 9 - Show', '2025-10-27', 4, 'Théâtre', 73.3);
INSERT INTO Event (event_id, title, date, venue_id, category, price_eur) VALUES (10, 'Théâtre 10 - Special', '2025-11-22', 7, 'Théâtre', 32.27);

-- Clients
INSERT INTO Client (client_id, first_name, last_name, email, city) VALUES (1, 'Nicolas', 'Garnier', 'nicolas.garnier1@example.com', 'Lyon');
INSERT INTO Client (client_id, first_name, last_name, email, city) VALUES (2, 'Marie', 'Durand', 'marie.durand2@example.com', 'Marseille');
INSERT INTO Client (client_id, first_name, last_name, email, city) VALUES (3, 'Emma', 'Petit', 'emma.petit3@example.com', 'Paris');
INSERT INTO Client (client_id, first_name, last_name, email, city) VALUES (4, 'Thomas', 'Robert', 'thomas.robert4@example.com', 'Lille');
INSERT INTO Client (client_id, first_name, last_name, email, city) VALUES (5, 'Alex', 'Leroy', 'alex.leroy5@example.com', 'Bordeaux');
INSERT INTO Client (client_id, first_name, last_name, email, city) VALUES (6, 'Paul', 'Fournier', 'paul.fournier6@example.com', 'Bordeaux');
INSERT INTO Client (client_id, first_name, last_name, email, city) VALUES (7, 'Julie', 'Durand', 'julie.durand7@example.com', 'Marseille');
INSERT INTO Client (client_id, first_name, last_name, email, city) VALUES (8, 'Marie', 'Garnier', 'marie.garnier8@example.com', 'Nice');
INSERT INTO Client (client_id, first_name, last_name, email, city) VALUES (9, 'Hugo', 'Martin', 'hugo.martin9@example.com', 'Nice');
INSERT INTO Client (client_id, first_name, last_name, email, city) VALUES (10, 'Mathieu', 'Leroy', 'mathieu.leroy10@example.com', 'Marseille');
INSERT INTO Client (client_id, first_name, last_name, email, city) VALUES (11, 'Laura', 'Bernard', 'laura.bernard11@example.com', 'Strasbourg');
INSERT INTO Client (client_id, first_name, last_name, email, city) VALUES (12, 'Sophie', 'Petit', 'sophie.petit12@example.com', 'Nantes');
INSERT INTO Client (client_id, first_name, last_name, email, city) VALUES (13, 'Laura', 'Leroy', 'laura.leroy13@example.com', 'Marseille');
INSERT INTO Client (client_id, first_name, last_name, email, city) VALUES (14, 'Mathieu', 'Martin', 'mathieu.martin14@example.com', 'Marseille');
INSERT INTO Client (client_id, first_name, last_name, email, city) VALUES (15, 'Thomas', 'Roux', 'thomas.roux15@example.com', 'Bordeaux');
INSERT INTO Client (client_id, first_name, last_name, email, city) VALUES (16, 'Camille', 'Guerin', 'camille.guerin16@example.com', 'Lille');
INSERT INTO Client (client_id, first_name, last_name, email, city) VALUES (17, 'Chloé', 'Durand', 'chloé.durand17@example.com', 'Bordeaux');
INSERT INTO Client (client_id, first_name, last_name, email, city) VALUES (18, 'Claire', 'Durand', 'claire.durand18@example.com', 'Lille');
INSERT INTO Client (client_id, first_name, last_name, email, city) VALUES (19, 'Antoine', 'Richard', 'antoine.richard19@example.com', 'Lyon');
INSERT INTO Client (client_id, first_name, last_name, email, city) VALUES (20, 'Mathieu', 'Guerin', 'mathieu.guerin20@example.com', 'Bordeaux');
INSERT INTO Client (client_id, first_name, last_name, email, city) VALUES (21, 'Laura', 'Petit', 'laura.petit21@example.com', 'Marseille');
INSERT INTO Client (client_id, first_name, last_name, email, city) VALUES (22, 'Alex', 'Thomas', 'alex.thomas22@example.com', 'Nice');
INSERT INTO Client (client_id, first_name, last_name, email, city) VALUES (23, 'Thomas', 'Petit', 'thomas.petit23@example.com', 'Lyon');
INSERT INTO Client (client_id, first_name, last_name, email, city) VALUES (24, 'Sophie', 'Dubois', 'sophie.dubois24@example.com', 'Lyon');
INSERT INTO Client (client_id, first_name, last_name, email, city) VALUES (25, 'Paul', 'Bernard', 'paul.bernard25@example.com', 'Paris');
INSERT INTO Client (client_id, first_name, last_name, email, city) VALUES (26, 'Chloé', 'Garnier', 'chloé.garnier26@example.com', 'Bordeaux');
INSERT INTO Client (client_id, first_name, last_name, email, city) VALUES (27, 'Sophie', 'Leroy', 'sophie.leroy27@example.com', 'Marseille');
INSERT INTO Client (client_id, first_name, last_name, email, city) VALUES (28, 'Hugo', 'Thomas', 'hugo.thomas28@example.com', 'Nice');
INSERT INTO Client (client_id, first_name, last_name, email, city) VALUES (29, 'Claire', 'Richard', 'claire.richard29@example.com', 'Nice');
INSERT INTO Client (client_id, first_name, last_name, email, city) VALUES (30, 'Claire', 'Richard', 'claire.richard30@example.com', 'Marseille');
INSERT INTO Client (client_id, first_name, last_name, email, city) VALUES (31, 'Marie', 'Robert', 'marie.robert31@example.com', 'Lille');
INSERT INTO Client (client_id, first_name, last_name, email, city) VALUES (32, 'Julie', 'Chevalier', 'julie.chevalier32@example.com', 'Paris');
INSERT INTO Client (client_id, first_name, last_name, email, city) VALUES (33, 'Nicolas', 'Dubois', 'nicolas.dubois33@example.com', 'Lyon');
INSERT INTO Client (client_id, first_name, last_name, email, city) VALUES (34, 'Marie', 'Chevalier', 'marie.chevalier34@example.com', 'Lyon');
INSERT INTO Client (client_id, first_name, last_name, email, city) VALUES (35, 'Julie', 'Petit', 'julie.petit35@example.com', 'Lille');
INSERT INTO Client (client_id, first_name, last_name, email, city) VALUES (36, 'Hugo', 'Roux', 'hugo.roux36@example.com', 'Strasbourg');
INSERT INTO Client (client_id, first_name, last_name, email, city) VALUES (37, 'Laura', 'Dubois', 'laura.dubois37@example.com', 'Lyon');
INSERT INTO Client (client_id, first_name, last_name, email, city) VALUES (38, 'Emma', 'Robert', 'emma.robert38@example.com', 'Bordeaux');
INSERT INTO Client (client_id, first_name, last_name, email, city) VALUES (39, 'Laura', 'Dubois', 'laura.dubois39@example.com', 'Lille');
INSERT INTO Client (client_id, first_name, last_name, email, city) VALUES (40, 'Paul', 'Richard', 'paul.richard40@example.com', 'Paris');
INSERT INTO Client (client_id, first_name, last_name, email, city) VALUES (41, 'Laura', 'Dubois', 'laura.dubois41@example.com', 'Strasbourg');
INSERT INTO Client (client_id, first_name, last_name, email, city) VALUES (42, 'Antoine', 'Chevalier', 'antoine.chevalier42@example.com', 'Paris');
INSERT INTO Client (client_id, first_name, last_name, email, city) VALUES (43, 'Alex', 'Leroy', 'alex.leroy43@example.com', 'Lille');
INSERT INTO Client (client_id, first_name, last_name, email, city) VALUES (44, 'Julie', 'Moreau', 'julie.moreau44@example.com', 'Bordeaux');
INSERT INTO Client (client_id, first_name, last_name, email, city) VALUES (45, 'Marie', 'Dubois', 'marie.dubois45@example.com', 'Nice');
INSERT INTO Client (client_id, first_name, last_name, email, city) VALUES (46, 'Mathieu', 'Blanc', 'mathieu.blanc46@example.com', 'Nice');
INSERT INTO Client (client_id, first_name, last_name, email, city) VALUES (47, 'Sophie', 'Dubois', 'sophie.dubois47@example.com', 'Lille');
INSERT INTO Client (client_id, first_name, last_name, email, city) VALUES (48, 'Lucas', 'Moreau', 'lucas.moreau48@example.com', 'Marseille');
INSERT INTO Client (client_id, first_name, last_name, email, city) VALUES (49, 'Antoine', 'Martin', 'antoine.martin49@example.com', 'Strasbourg');
INSERT INTO Client (client_id, first_name, last_name, email, city) VALUES (50, 'Sophie', 'Durand', 'sophie.durand50@example.com', 'Strasbourg');
INSERT INTO Client (client_id, first_name, last_name, email, city) VALUES (51, 'Chloé', 'Thomas', 'chloé.thomas51@example.com', 'Nice');
INSERT INTO Client (client_id, first_name, last_name, email, city) VALUES (52, 'Sophie', 'Thomas', 'sophie.thomas52@example.com', 'Strasbourg');
INSERT INTO Client (client_id, first_name, last_name, email, city) VALUES (53, 'Thomas', 'Chevalier', 'thomas.chevalier53@example.com', 'Paris');
INSERT INTO Client (client_id, first_name, last_name, email, city) VALUES (54, 'Marie', 'Roux', 'marie.roux54@example.com', 'Bordeaux');
INSERT INTO Client (client_id, first_name, last_name, email, city) VALUES (55, 'Mathieu', 'Martin', 'mathieu.martin55@example.com', 'Marseille');
INSERT INTO Client (client_id, first_name, last_name, email, city) VALUES (56, 'Laura', 'Thomas', 'laura.thomas56@example.com', 'Strasbourg');
INSERT INTO Client (client_id, first_name, last_name, email, city) VALUES (57, 'Claire', 'Dubois', 'claire.dubois57@example.com', 'Marseille');
INSERT INTO Client (client_id, first_name, last_name, email, city) VALUES (58, 'Emma', 'Thomas', 'emma.thomas58@example.com', 'Nantes');
INSERT INTO Client (client_id, first_name, last_name, email, city) VALUES (59, 'Chloé', 'Thomas', 'chloé.thomas59@example.com', 'Paris');
INSERT INTO Client (client_id, first_name, last_name, email, city) VALUES (60, 'Antoine', 'Leroy', 'antoine.leroy60@example.com', 'Paris');

-- Tickets
INSERT INTO Ticket (ticket_id, event_id, client_id, purchase_date, seat, status, price_paid) VALUES (1, 8, 42, '2025-10-24', 'B26', 'sold', 105.54);
INSERT INTO Ticket (ticket_id, event_id, client_id, purchase_date, seat, status, price_paid) VALUES (2, 6, 41, '2025-12-12', 'F3', 'sold', 15.23);
INSERT INTO Ticket (ticket_id, event_id, client_id, purchase_date, seat, status, price_paid) VALUES (3, 2, 52, '2025-09-20', 'C19', 'sold', 107.67);
INSERT INTO Ticket (ticket_id, event_id, client_id, purchase_date, seat, status, price_paid) VALUES (4, 8, 4, '2025-12-06', 'F4', 'sold', 114.82);
INSERT INTO Ticket (ticket_id, event_id, client_id, purchase_date, seat, status, price_paid) VALUES (5, 3, 15, '2025-12-02', 'E12', 'sold', 29.37);
INSERT INTO Ticket (ticket_id, event_id, client_id, purchase_date, seat, status, price_paid) VALUES (6, 3, 43, '2025-10-02', 'B26', 'sold', 31.3);
INSERT INTO Ticket (ticket_id, event_id, client_id, purchase_date, seat, status, price_paid) VALUES (7, 1, 4, '2025-09-25', 'D29', 'sold', 56.37);
INSERT INTO Ticket (ticket_id, event_id, client_id, purchase_date, seat, status, price_paid) VALUES (8, 2, 1, '2025-11-22', 'A19', 'sold', 102.28);
INSERT INTO Ticket (ticket_id, event_id, client_id, purchase_date, seat, status, price_paid) VALUES (9, 5, 4, '2025-11-28', 'B25', 'refunded', 33.86);
INSERT INTO Ticket (ticket_id, event_id, client_id, purchase_date, seat, status, price_paid) VALUES (10, 2, 32, '2025-10-18', 'F20', 'sold', 102.99);
INSERT INTO Ticket (ticket_id, event_id, client_id, purchase_date, seat, status, price_paid) VALUES (11, 4, 31, '2025-10-31', 'F4', 'sold', 102.63);
INSERT INTO Ticket (ticket_id, event_id, client_id, purchase_date, seat, status, price_paid) VALUES (12, 6, 31, '2025-12-09', 'E10', 'sold', 18.75);
INSERT INTO Ticket (ticket_id, event_id, client_id, purchase_date, seat, status, price_paid) VALUES (13, 4, 10, '2025-09-21', 'A20', 'sold', 123.59);
INSERT INTO Ticket (ticket_id, event_id, client_id, purchase_date, seat, status, price_paid) VALUES (14, 6, 41, '2025-10-13', 'F5', 'sold', 17.22);
INSERT INTO Ticket (ticket_id, event_id, client_id, purchase_date, seat, status, price_paid) VALUES (15, 9, 20, '2025-12-25', 'D7', 'sold', 68.44);
INSERT INTO Ticket (ticket_id, event_id, client_id, purchase_date, seat, status, price_paid) VALUES (16, 9, 29, '2025-10-23', 'B28', 'reserved', 76.86);
INSERT INTO Ticket (ticket_id, event_id, client_id, purchase_date, seat, status, price_paid) VALUES (17, 5, 31, '2025-10-11', 'D20', 'sold', 35.47);
INSERT INTO Ticket (ticket_id, event_id, client_id, purchase_date, seat, status, price_paid) VALUES (18, 4, 25, '2025-10-02', 'D2', 'sold', 111.26);
INSERT INTO Ticket (ticket_id, event_id, client_id, purchase_date, seat, status, price_paid) VALUES (19, 6, 25, '2025-12-13', 'A8', 'sold', 15.57);
INSERT INTO Ticket (ticket_id, event_id, client_id, purchase_date, seat, status, price_paid) VALUES (20, 3, 10, '2025-12-27', 'D24', 'sold', 31.17);
INSERT INTO Ticket (ticket_id, event_id, client_id, purchase_date, seat, status, price_paid) VALUES (21, 6, 46, '2025-10-31', 'D4', 'refunded', 16.47);
INSERT INTO Ticket (ticket_id, event_id, client_id, purchase_date, seat, status, price_paid) VALUES (22, 5, 46, '2025-11-17', 'D28', 'sold', 38.46);
INSERT INTO Ticket (ticket_id, event_id, client_id, purchase_date, seat, status, price_paid) VALUES (23, 6, 55, '2025-11-23', 'D29', 'refunded', 17.65);
INSERT INTO Ticket (ticket_id, event_id, client_id, purchase_date, seat, status, price_paid) VALUES (24, 2, 30, '2025-10-08', 'A11', 'sold', 111.57);
INSERT INTO Ticket (ticket_id, event_id, client_id, purchase_date, seat, status, price_paid) VALUES (25, 3, 35, '2025-09-24', 'C9', 'sold', 29.14);
INSERT INTO Ticket (ticket_id, event_id, client_id, purchase_date, seat, status, price_paid) VALUES (26, 9, 45, '2025-09-11', 'D16', 'sold', 70.8);
INSERT INTO Ticket (ticket_id, event_id, client_id, purchase_date, seat, status, price_paid) VALUES (27, 10, 47, '2025-12-15', 'C10', 'sold', 31.61);
INSERT INTO Ticket (ticket_id, event_id, client_id, purchase_date, seat, status, price_paid) VALUES (28, 4, 47, '2025-10-01', 'F1', 'sold', 117.22);
INSERT INTO Ticket (ticket_id, event_id, client_id, purchase_date, seat, status, price_paid) VALUES (29, 7, 57, '2025-11-05', 'C17', 'reserved', 24.75);
INSERT INTO Ticket (ticket_id, event_id, client_id, purchase_date, seat, status, price_paid) VALUES (30, 2, 35, '2025-09-24', 'B29', 'sold', 111.36);
INSERT INTO Ticket (ticket_id, event_id, client_id, purchase_date, seat, status, price_paid) VALUES (31, 4, 51, '2025-10-05', 'D6', 'sold', 110.48);
INSERT INTO Ticket (ticket_id, event_id, client_id, purchase_date, seat, status, price_paid) VALUES (32, 3, 4, '2025-11-23', 'F18', 'sold', 27.97);
INSERT INTO Ticket (ticket_id, event_id, client_id, purchase_date, seat, status, price_paid) VALUES (33, 4, 9, '2025-11-07', 'F16', 'sold', 120.31);
INSERT INTO Ticket (ticket_id, event_id, client_id, purchase_date, seat, status, price_paid) VALUES (34, 4, 26, '2025-10-19', 'D26', 'sold', 105.55);
INSERT INTO Ticket (ticket_id, event_id, client_id, purchase_date, seat, status, price_paid) VALUES (35, 1, 46, '2025-09-09', 'A23', 'sold', 54.75);
INSERT INTO Ticket (ticket_id, event_id, client_id, purchase_date, seat, status, price_paid) VALUES (36, 9, 52, '2025-12-30', 'E8', 'reserved', 68.84);
INSERT INTO Ticket (ticket_id, event_id, client_id, purchase_date, seat, status, price_paid) VALUES (37, 4, 32, '2025-10-03', 'A12', 'sold', 122.38);
INSERT INTO Ticket (ticket_id, event_id, client_id, purchase_date, seat, status, price_paid) VALUES (38, 7, 55, '2025-10-03', 'B2', 'sold', 24.63);
INSERT INTO Ticket (ticket_id, event_id, client_id, purchase_date, seat, status, price_paid) VALUES (39, 9, 15, '2025-11-08', 'E19', 'sold', 75.4);
INSERT INTO Ticket (ticket_id, event_id, client_id, purchase_date, seat, status, price_paid) VALUES (40, 3, 52, '2025-12-24', 'E7', 'sold', 28.93);
INSERT INTO Ticket (ticket_id, event_id, client_id, purchase_date, seat, status, price_paid) VALUES (41, 7, 3, '2025-11-29', 'B25', 'sold', 21.22);
INSERT INTO Ticket (ticket_id, event_id, client_id, purchase_date, seat, status, price_paid) VALUES (42, 8, 28, '2025-09-26', 'E5', 'sold', 105.54);
INSERT INTO Ticket (ticket_id, event_id, client_id, purchase_date, seat, status, price_paid) VALUES (43, 4, 50, '2025-09-13', 'E25', 'sold', 104.25);
INSERT INTO Ticket (ticket_id, event_id, client_id, purchase_date, seat, status, price_paid) VALUES (44, 9, 20, '2025-12-01', 'C21', 'sold', 74.26);
INSERT INTO Ticket (ticket_id, event_id, client_id, purchase_date, seat, status, price_paid) VALUES (45, 5, 29, '2025-10-05', 'F16', 'sold', 35.25);
INSERT INTO Ticket (ticket_id, event_id, client_id, purchase_date, seat, status, price_paid) VALUES (46, 1, 53, '2025-09-21', 'E30', 'sold', 56.57);
INSERT INTO Ticket (ticket_id, event_id, client_id, purchase_date, seat, status, price_paid) VALUES (47, 7, 23, '2025-12-11', 'E22', 'sold', 22.19);
INSERT INTO Ticket (ticket_id, event_id, client_id, purchase_date, seat, status, price_paid) VALUES (48, 5, 6, '2025-10-10', 'A1', 'sold', 33.98);
INSERT INTO Ticket (ticket_id, event_id, client_id, purchase_date, seat, status, price_paid) VALUES (49, 8, 36, '2025-11-07', 'F25', 'sold', 120.14);
INSERT INTO Ticket (ticket_id, event_id, client_id, purchase_date, seat, status, price_paid) VALUES (50, 2, 11, '2025-11-20', 'F26', 'sold', 124.04);
INSERT INTO Ticket (ticket_id, event_id, client_id, purchase_date, seat, status, price_paid) VALUES (51, 6, 60, '2025-12-10', 'D11', 'sold', 17.72);
INSERT INTO Ticket (ticket_id, event_id, client_id, purchase_date, seat, status, price_paid) VALUES (52, 9, 7, '2025-09-27', 'F7', 'sold', 73.89);
INSERT INTO Ticket (ticket_id, event_id, client_id, purchase_date, seat, status, price_paid) VALUES (53, 3, 5, '2025-10-01', 'D9', 'sold', 27.7);
INSERT INTO Ticket (ticket_id, event_id, client_id, purchase_date, seat, status, price_paid) VALUES (54, 10, 51, '2025-10-07', 'B21', 'sold', 32.68);
INSERT INTO Ticket (ticket_id, event_id, client_id, purchase_date, seat, status, price_paid) VALUES (55, 1, 4, '2025-09-21', 'A3', 'sold', 48.15);
INSERT INTO Ticket (ticket_id, event_id, client_id, purchase_date, seat, status, price_paid) VALUES (56, 5, 18, '2025-09-16', 'B12', 'sold', 34.68);
INSERT INTO Ticket (ticket_id, event_id, client_id, purchase_date, seat, status, price_paid) VALUES (57, 9, 28, '2025-12-16', 'B29', 'sold', 71.27);
INSERT INTO Ticket (ticket_id, event_id, client_id, purchase_date, seat, status, price_paid) VALUES (58, 2, 36, '2025-12-30', 'A5', 'sold', 118.88);
INSERT INTO Ticket (ticket_id, event_id, client_id, purchase_date, seat, status, price_paid) VALUES (59, 3, 55, '2025-09-22', 'B29', 'sold', 30.0);
INSERT INTO Ticket (ticket_id, event_id, client_id, purchase_date, seat, status, price_paid) VALUES (60, 2, 32, '2025-12-02', 'F4', 'reserved', 116.58);
INSERT INTO Ticket (ticket_id, event_id, client_id, purchase_date, seat, status, price_paid) VALUES (61, 10, 42, '2025-10-28', 'E30', 'sold', 30.31);
INSERT INTO Ticket (ticket_id, event_id, client_id, purchase_date, seat, status, price_paid) VALUES (62, 5, 8, '2025-11-02', 'D15', 'sold', 37.1);
INSERT INTO Ticket (ticket_id, event_id, client_id, purchase_date, seat, status, price_paid) VALUES (63, 7, 41, '2025-09-12', 'B14', 'sold', 21.41);
INSERT INTO Ticket (ticket_id, event_id, client_id, purchase_date, seat, status, price_paid) VALUES (64, 3, 7, '2025-12-18', 'D22', 'sold', 30.46);
INSERT INTO Ticket (ticket_id, event_id, client_id, purchase_date, seat, status, price_paid) VALUES (65, 7, 59, '2025-10-10', 'B2', 'refunded', 23.33);
INSERT INTO Ticket (ticket_id, event_id, client_id, purchase_date, seat, status, price_paid) VALUES (66, 4, 49, '2025-09-24', 'E13', 'reserved', 112.04);
INSERT INTO Ticket (ticket_id, event_id, client_id, purchase_date, seat, status, price_paid) VALUES (67, 8, 11, '2025-11-24', 'D7', 'sold', 106.47);
INSERT INTO Ticket (ticket_id, event_id, client_id, purchase_date, seat, status, price_paid) VALUES (68, 6, 10, '2025-12-12', 'F15', 'sold', 16.29);
INSERT INTO Ticket (ticket_id, event_id, client_id, purchase_date, seat, status, price_paid) VALUES (69, 1, 15, '2025-09-23', 'D12', 'sold', 47.37);
INSERT INTO Ticket (ticket_id, event_id, client_id, purchase_date, seat, status, price_paid) VALUES (70, 2, 47, '2025-12-12', 'D2', 'sold', 104.55);
INSERT INTO Ticket (ticket_id, event_id, client_id, purchase_date, seat, status, price_paid) VALUES (71, 9, 14, '2025-09-16', 'E10', 'sold', 72.19);
INSERT INTO Ticket (ticket_id, event_id, client_id, purchase_date, seat, status, price_paid) VALUES (72, 8, 60, '2025-10-25', 'D8', 'reserved', 119.61);
INSERT INTO Ticket (ticket_id, event_id, client_id, purchase_date, seat, status, price_paid) VALUES (73, 8, 17, '2025-09-12', 'B27', 'refunded', 114.48);
INSERT INTO Ticket (ticket_id, event_id, client_id, purchase_date, seat, status, price_paid) VALUES (74, 4, 22, '2025-10-10', 'D12', 'reserved', 116.16);
INSERT INTO Ticket (ticket_id, event_id, client_id, purchase_date, seat, status, price_paid) VALUES (75, 10, 31, '2025-11-05', 'A23', 'sold', 32.68);
INSERT INTO Ticket (ticket_id, event_id, client_id, purchase_date, seat, status, price_paid) VALUES (76, 10, 18, '2025-09-16', 'A26', 'sold', 28.8);
INSERT INTO Ticket (ticket_id, event_id, client_id, purchase_date, seat, status, price_paid) VALUES (77, 4, 59, '2025-10-17', 'D8', 'sold', 121.21);
INSERT INTO Ticket (ticket_id, event_id, client_id, purchase_date, seat, status, price_paid) VALUES (78, 9, 2, '2025-11-15', 'F1', 'sold', 76.18);
INSERT INTO Ticket (ticket_id, event_id, client_id, purchase_date, seat, status, price_paid) VALUES (79, 9, 25, '2025-11-11', 'E14', 'sold', 71.62);
INSERT INTO Ticket (ticket_id, event_id, client_id, purchase_date, seat, status, price_paid) VALUES (80, 9, 5, '2025-12-27', 'D1', 'sold', 75.29);
INSERT INTO Ticket (ticket_id, event_id, client_id, purchase_date, seat, status, price_paid) VALUES (81, 1, 44, '2025-12-10', 'F4', 'sold', 50.36);
INSERT INTO Ticket (ticket_id, event_id, client_id, purchase_date, seat, status, price_paid) VALUES (82, 7, 34, '2025-10-27', 'C23', 'sold', 22.49);
INSERT INTO Ticket (ticket_id, event_id, client_id, purchase_date, seat, status, price_paid) VALUES (83, 5, 50, '2025-12-29', 'C4', 'sold', 32.92);
INSERT INTO Ticket (ticket_id, event_id, client_id, purchase_date, seat, status, price_paid) VALUES (84, 1, 38, '2025-11-28', 'C1', 'reserved', 46.27);
INSERT INTO Ticket (ticket_id, event_id, client_id, purchase_date, seat, status, price_paid) VALUES (85, 3, 20, '2025-12-30', 'D5', 'reserved', 30.87);
INSERT INTO Ticket (ticket_id, event_id, client_id, purchase_date, seat, status, price_paid) VALUES (86, 10, 44, '2025-09-20', 'B16', 'sold', 31.79);
INSERT INTO Ticket (ticket_id, event_id, client_id, purchase_date, seat, status, price_paid) VALUES (87, 7, 54, '2025-10-13', 'F8', 'sold', 22.83);
INSERT INTO Ticket (ticket_id, event_id, client_id, purchase_date, seat, status, price_paid) VALUES (88, 3, 52, '2025-11-20', 'C2', 'refunded', 29.97);
INSERT INTO Ticket (ticket_id, event_id, client_id, purchase_date, seat, status, price_paid) VALUES (89, 2, 2, '2025-10-16', 'B29', 'sold', 110.1);
INSERT INTO Ticket (ticket_id, event_id, client_id, purchase_date, seat, status, price_paid) VALUES (90, 2, 47, '2025-12-02', 'B5', 'sold', 115.46);
INSERT INTO Ticket (ticket_id, event_id, client_id, purchase_date, seat, status, price_paid) VALUES (91, 8, 34, '2025-10-03', 'A1', 'sold', 108.94);
INSERT INTO Ticket (ticket_id, event_id, client_id, purchase_date, seat, status, price_paid) VALUES (92, 7, 35, '2025-12-06', 'B16', 'sold', 23.41);
INSERT INTO Ticket (ticket_id, event_id, client_id, purchase_date, seat, status, price_paid) VALUES (93, 6, 55, '2025-09-30', 'B23', 'sold', 17.39);
INSERT INTO Ticket (ticket_id, event_id, client_id, purchase_date, seat, status, price_paid) VALUES (94, 2, 57, '2025-11-01', 'C4', 'sold', 113.85);
INSERT INTO Ticket (ticket_id, event_id, client_id, purchase_date, seat, status, price_paid) VALUES (95, 5, 15, '2025-11-23', 'D29', 'sold', 33.87);
INSERT INTO Ticket (ticket_id, event_id, client_id, purchase_date, seat, status, price_paid) VALUES (96, 10, 24, '2025-09-15', 'F9', 'sold', 27.87);
INSERT INTO Ticket (ticket_id, event_id, client_id, purchase_date, seat, status, price_paid) VALUES (97, 4, 49, '2025-12-26', 'A23', 'sold', 110.7);
INSERT INTO Ticket (ticket_id, event_id, client_id, purchase_date, seat, status, price_paid) VALUES (98, 7, 60, '2025-09-26', 'E22', 'sold', 21.38);
INSERT INTO Ticket (ticket_id, event_id, client_id, purchase_date, seat, status, price_paid) VALUES (99, 9, 31, '2025-09-07', 'F15', 'sold', 64.11);
INSERT INTO Ticket (ticket_id, event_id, client_id, purchase_date, seat, status, price_paid) VALUES (100, 1, 32, '2025-11-07', 'F21', 'sold', 50.14);